property_type,state,lat,lon,area_m2,price_usd
house,Estado de México,40.9141247,20.7427213,172.2,"$115,930.83 "
apartment,Nuevo León,,-47.2997218,135.4,"$218,046.93 "
apartment,Guerrero,24.479833,,365.6,"$80,921.09 "
house,Guerrero,10.1718844,106.4641459,80.6,"$78,924.33 "
apartment,Veracruz de Ignacio de la Llave,38.5385334,,176.1,"$59,591.87 "
apartment,Yucatán,36.990268,107.853926,273.9,"$114,435.93 "
apartment,Querétaro,-12.8528438,-38.3271112,82.4,"$77,633.10 "
house,Querétaro,17.6992092,121.5038757,143,"$276,582.65 "
house,Nuevo León,42.4423768,,289.8,"$133,900.04 "
apartment,Morelos,-21.8239574,-47.2484692,473.5,"$224,848.71 "
house,Chiapas,6.0151191,101.951925,328.9,"$102,758.32 "
house,Estado de México,13.7829673,109.2196634,495.4,"$182,115.87 "
house,Morelos,28.590337,105.697472,353,"$196,125.08 "
apartment,Guerrero,-6.9933556,112.3650707,95.7,"$292,771.79 "
apartment,Yucatán,6,120.9666672,311.3,"$146,460.68 "
apartment,Estado de México,-7.033304,113.5609459,478.2,"$248,998.07 "
apartment,Tabasco,18.9313146,-70.4070779,229.6,"$32,446.98 "
apartment,Distrito Federal,50.2620534,22.4210807,358.9,"$102,927.34 "
house,Yucatán,-9.1896778,-77.7130151,394.5,"$176,202.59 "
apartment,Distrito Federal,8.8153071,105.0557415,234.5,"$238,836.62 "
house,Nayarit,22.9155908,91.8580145,163.1,"$190,825.65 "
apartment,Morelos,52.029753,113.5177301,270.9,"$150,548.02 "
apartment,Puebla,53.1001509,34.0612529,427.7,"$157,842.77 "
apartment,Distrito Federal,10.4868673,-66.739712,314.3,"$128,100.88 "
apartment,Distrito Federal,22.533012,113.930475,226.9,"$283,103.38 "
apartment,Puebla,-15.8402218,-70.0218805,85.5,"$110,753.01 "
house,Veracruz de Ignacio de la Llave,59.4443693,10.646404,371.2,"$289,185.27 "
apartment,Yucatán,51.7421319,39.1374839,154,"$216,179.52 "
apartment,Sinaloa,49.3389251,17.9938523,384.3,"$131,473.62 "
house,Distrito Federal,46.152911,-71.885445,364.1,"$89,142.38 "
house,Guerrero,59.9050895,10.7673005,332.1,"$38,361.45 "
house,Estado de México,10.6095479,122.955299,423.8,"$115,883.85 "
house,Morelos,41.303548,-8.7353479,458.2,"$135,833.51 "
apartment,Yucatán,,123.345085,80.2,"$92,499.60 "
house,Tabasco,16.6143698,-7.2598913,488.5,"$166,834.91 "
house,Chiapas,-6.3967343,107.434768,363.8,"$194,354.30 "
house,Puebla,27.9158175,34.3299505,304.4,"$92,253.01 "
house,Chihuahua,-23.2245912,-52.7670021,346.9,"$111,723.28 "
house,Tamaulipas,40.7655059,-8.5555429,144.7,"$140,015.26 "
apartment,Yucatán,,122.456824,336.2,"$195,118.38 "
house,Distrito Federal,,94.80205,200.9,"$110,992.43 "
apartment,Veracruz de Ignacio de la Llave,32.809026,110.112629,162.5,"$251,973.78 "
house,Morelos,45.207675,37.2884784,261.5,"$25,729.53 "
apartment,Veracruz de Ignacio de la Llave,-23.534948,-46.7737972,489.7,"$57,546.85 "
apartment,Morelos,52.5077777,5.4757709,474.3,"$145,859.28 "
apartment,Puebla,-1.445213,100.630898,457.1,"$94,280.16 "
house,Distrito Federal,48.7663087,2.4119232,97.2,"$124,919.23 "
house,Puebla,48.5347071,7.6370168,328.2,"$49,844.86 "
apartment,Veracruz de Ignacio de la Llave,-24.9843096,-65.5805252,91.7,"$92,738.72 "
house,Puebla,55.6602448,37.5157102,234.4,"$177,385.04 "
apartment,Jalisco,52.2542902,19.034146,233.1,"$181,748.78 "
apartment,Yucatán,,44.27461,112.7,"$120,850.34 "
house,Distrito Federal,-8.8143,121.2744,322,"$159,045.90 "
house,Distrito Federal,-22.2496709,,106.3,"$57,237.38 "
house,Distrito Federal,-14.1187362,-72.2475708,370.6,"$208,925.14 "
house,Puebla,59.3319489,18.0221451,489.6,"$25,127.02 "
house,San Luis Potosí,-27.2000865,-54.9815915,159.1,"$250,016.55 "
house,Estado de México,38.9187037,-76.9611991,324.9,"$26,547.80 "
house,Distrito Federal,-7.2017476,108.1562084,212.4,"$279,248.56 "
apartment,San Luis Potosí,51.506437,100.6714581,186.8,"$49,744.23 "
house,Morelos,40.53971,,172.7,"$27,477.75 "
house,Yucatán,19.3851705,-99.1837453,333.4,"$265,209.73 "
house,Sinaloa,45.4885295,41.1600688,350.2,"$204,105.04 "
apartment,Distrito Federal,31.829323,119.977286,145.2,"$114,108.50 "
apartment,Baja California,38.4618994,-9.1029917,421.1,"$161,954.13 "
house,Hidalgo,,119.975172,205,"$261,334.74 "
apartment,Morelos,37.5874845,22.7447696,195.3,"$55,889.70 "
apartment,Puebla,22.517585,113.39277,233.3,"$285,482.44 "
house,Estado de México,14.573997,121.049071,232.8,"$146,829.05 "
apartment,Quintana Roo,29.295,47.93306,225.7,"$296,677.54 "
apartment,Nuevo León,6.551367,-74.787294,127.7,"$221,558.30 "
apartment,Chiapas,47.6264367,34.5297956,172.6,"$286,892.10 "
apartment,Estado de México,,,152.8,"$142,503.33 "
apartment,Tamaulipas,47.8632224,0.8648422,416.8,"$111,493.46 "
apartment,Guerrero,-7.3518129,108.1110423,392.1,"$137,969.75 "
apartment,Veracruz de Ignacio de la Llave,-6.5864219,106.7441048,238.3,"$81,774.26 "
apartment,Veracruz de Ignacio de la Llave,-6.9633727,,101.1,"$189,069.39 "
apartment,Guerrero,-6.4085961,106.7647475,445.6,"$267,297.46 "
house,Querétaro,,,162.7,"$280,920.67 "
apartment,Yucatán,50.7054502,15.3203304,359.3,"$169,650.28 "
apartment,Querétaro,14.6347254,121.0112199,478.9,"$235,824.67 "
house,Estado de México,43.1283145,5.9294606,239.3,"$266,102.91 "
apartment,Hidalgo,15.2008428,-12.9449928,209.4,"$164,537.63 "
apartment,Nuevo León,35.4175712,10.997658,301.4,"$230,796.29 "
apartment,Nuevo León,25.866694,118.932592,267.3,"$268,886.43 "
apartment,Distrito Federal,43.5621247,43.20792,312.7,"$53,256.12 "
apartment,Distrito Federal,41.9914135,121.6412579,248,"$37,680.02 "
house,Veracruz de Ignacio de la Llave,41.5331853,-8.2524001,204,"$169,916.34 "
house,Tamaulipas,48.8825673,,407.6,"$93,616.66 "
apartment,Quintana Roo,35.797997,112.92392,434.6,"$233,138.70 "
house,Distrito Federal,-6.2686878,139.9469432,97.6,"$177,542.25 "
apartment,Jalisco,38.05106,114.463347,99.6,"$289,567.61 "
apartment,Distrito Federal,3.8788254,,158.7,"$107,345.54 "
apartment,Yucatán,12.9549865,-5.7563151,195.5,"$161,877.46 "
apartment,Querétaro,57.4341878,40.3148687,485.6,"$105,043.41 "
apartment,Estado de México,-24.7073654,-54.0688562,118.2,"$87,858.11 "
house,Querétaro,19.0779991,-71.8423092,482.5,"$226,686.90 "
house,Sonora,57.4746374,45.7930516,157.5,"$48,546.01 "
house,Puebla,31.050715,118.858949,392.7,"$226,358.42 "
apartment,Sinaloa,31.2367474,121.5221244,364.8,"$48,561.03 "
house,Puebla,38.371402,117.329949,278.9,"$133,631.94 "
apartment,Estado de México,,111.0566,107.6,"$165,259.72 "
house,Querétaro,39.15667,26.52167,257.2,"$124,597.12 "
house,Chihuahua,49.5631235,21.7899388,437.1,"$203,634.66 "
house,Yucatán,44.3665543,39.7099065,132,"$262,845.73 "
house,San Luis Potosí,28.572029,109.482078,335.9,"$148,509.16 "
apartment,Distrito Federal,43.6237019,45.3376515,201.7,"$295,998.19 "
apartment,Distrito Federal,-6.9263243,110.084385,494.6,"$48,663.51 "
apartment,Morelos,,25.0673009,240.4,"$222,299.94 "
apartment,Puebla,18.3546149,,460.6,"$87,066.46 "
house,Veracruz de Ignacio de la Llave,24.771797,103.290785,450.7,"$272,327.07 "
apartment,Puebla,31.938731,113.165197,89.8,"$117,536.82 "
house,Morelos,34.6743219,36.3971959,115.7,"$229,232.57 "
apartment,San Luis Potosí,14.4693883,,250.6,"$51,763.06 "
house,Yucatán,57.5788645,12.1079009,269.5,"$110,352.28 "
apartment,Estado de México,28.074649,119.141473,374.2,"$40,440.05 "
apartment,Baja California Sur,-7.22698,-39.297682,150.6,"$271,540.44 "
house,Querétaro,-8.8828551,-36.4968966,466.5,"$210,228.84 "
house,Distrito Federal,51.6710832,19.8078532,248.9,"$269,663.57 "
apartment,Distrito Federal,59.7394596,18.3595793,223.7,"$176,322.39 "
apartment,Estado de México,-1.4391409,-46.3624686,188.1,"$117,297.95 "
house,Distrito Federal,22.9856091,-80.5855038,374.2,"$229,813.80 "
apartment,Distrito Federal,33.770447,117.624455,221.7,"$142,604.31 "
house,Puebla,29.0755457,-110.9610195,215.5,"$263,273.48 "
house,San Luis Potosí,34.9588458,33.466379,350.4,"$138,813.28 "
apartment,Yucatán,43.4945737,5.8978018,100.6,"$298,460.54 "
apartment,Nuevo León,32.874735,117.531622,460.7,"$49,947.85 "
apartment,Estado de México,-7.646682,110.6064632,474.5,"$221,677.86 "
apartment,Jalisco,55.813957,37.626119,170.8,"$251,480.94 "
apartment,Morelos,37.2425649,111.8568586,199.2,"$159,209.08 "
house,Jalisco,38.3341493,-8.0038406,367.3,"$57,558.35 "
apartment,Yucatán,32.790614,35.326882,409.9,"$152,549.12 "
apartment,Zacatecas,52.5999819,39.5170628,112.2,"$246,881.91 "
house,Distrito Federal,-7.1913,107.8902,424.5,"$128,538.47 "
apartment,Estado de México,42.0256691,19.547883,276.5,"$190,066.75 "
house,Yucatán,14.1560521,-88.0363086,201.6,"$207,488.61 "
apartment,Distrito Federal,37.136553,120.878247,465.2,"$237,507.97 "
apartment,Puebla,45.6138162,20.0459853,374.2,"$75,033.30 "
house,Puebla,30.4415185,-87.2518824,437.4,"$233,605.93 "
house,Veracruz de Ignacio de la Llave,30.2977417,30.9783805,107.6,"$231,875.69 "
apartment,Veracruz de Ignacio de la Llave,-3.2898398,29.6499162,418,"$232,602.53 "
apartment,Chiapas,,-68.9539593,248.2,"$77,946.90 "
apartment,Estado de México,-25.2631384,-57.2536314,258,"$152,799.50 "
apartment,Jalisco,-25.5096271,,197.9,"$37,760.92 "
house,Nuevo León,45.6438305,18.5215008,83.2,"$64,125.42 "
apartment,Nuevo León,22.9410456,-109.94522,465.8,"$231,283.60 "
apartment,Estado de México,50.1267067,45.4468585,444.2,"$298,859.94 "
house,Estado de México,14.4693883,121.0059518,95.4,"$138,982.89 "
house,Yucatán,14.8548895,120.9052447,350.9,"$292,446.93 "
apartment,Guerrero,14.7980871,-87.3388767,352.8,"$193,853.35 "
house,San Luis Potosí,46.9874505,3.1506645,304.1,"$198,448.64 "
house,Puebla,58.316667,12.3166671,154.8,"$126,490.29 "
apartment,San Luis Potosí,43.3497076,26.626104,102.4,"$93,067.73 "
house,Estado de México,27.381466,67.9163808,83.7,"$61,608.68 "
house,Hidalgo,10.0566953,-65.0394139,201.7,"$280,447.46 "
house,Yucatán,30.493506,112.906645,248.9,"$92,236.54 "
apartment,Morelos,6.4864,-72.43286,352.4,"$33,829.77 "
apartment,Distrito Federal,23.701262,117.430061,449.5,"$45,596.78 "
apartment,Morelos,40.8,-73.97,376,"$114,844.17 "
house,Yucatán,29.6516537,31.3159513,367,"$255,136.50 "
house,Querétaro,38.2170269,-7.5422129,291,"$50,097.18 "
house,Distrito Federal,39.179865,117.207298,405.2,"$222,532.92 "
apartment,Estado de México,-34.6906944,-58.601544,426.5,"$255,190.96 "
apartment,Estado de México,-7.7474,114.0409,246.3,"$72,565.58 "
apartment,Chihuahua,-34.990888,138.574391,176.9,"$174,130.61 "
house,Hidalgo,35.202503,102.521807,232.9,"$69,773.84 "
house,Nuevo León,35.4399,48.0736,481.9,"$202,161.55 "
apartment,Aguascalientes,-8.2383,123.7896,205.9,"$200,646.49 "
apartment,Veracruz de Ignacio de la Llave,31.138677,120.645158,276.5,"$293,710.60 "
house,Hidalgo,49.6748894,12.6736722,379.8,"$194,933.17 "
house,Nuevo León,36.0038131,,358,"$277,558.76 "
house,Distrito Federal,41.2511521,-8.3148854,151.1,"$184,862.49 "
house,Distrito Federal,-7.2894986,108.1873407,416.6,"$57,640.99 "
house,Distrito Federal,15.3775935,-88.0240796,211.9,"$55,592.33 "
house,Puebla,29.696108,118.315329,363.5,"$127,393.05 "
apartment,Yucatán,53.0801709,46.6340372,327.5,"$117,199.63 "
house,Yucatán,38.8148898,141.5661378,341.5,"$258,291.60 "
house,Distrito Federal,-34.6601867,,97.7,"$255,535.55 "
apartment,Morelos,-6.9897256,106.6468148,84.1,"$71,225.42 "
house,Querétaro,31.2660017,70.8743691,106.2,"$257,316.34 "
house,Yucatán,13.6332855,100.4958678,493.3,"$51,698.34 "
apartment,Sinaloa,36.7299999,-119.78,282.2,"$40,614.55 "
house,Yucatán,-10.0798,120.2781,139.9,"$69,478.29 "
apartment,Puebla,-1.259553,104.100502,197.8,"$72,239.28 "
house,Estado de México,7.3832138,122.804355,279,"$183,607.35 "
house,San Luis Potosí,53.4539951,26.4698363,447,"$82,941.79 "
apartment,Tamaulipas,55.6558059,37.4793238,279.7,"$294,061.69 "
apartment,Tabasco,,116.55989,123.5,"$73,854.15 "
apartment,Distrito Federal,,117.925685,249.5,"$163,496.86 "
house,Yucatán,9.791337,-74.7975249,394.7,"$236,689.99 "
house,Estado de México,55.2273044,27.4650969,307.9,"$161,023.65 "
house,Puebla,23.1243988,113.2475087,252.8,"$60,252.73 "
apartment,,1.2061176,31.8164031,180.6,"$255,907.47 "
apartment,,39.534154,113.087107,199.2,"$124,115.77 "
house,,23.113478,113.417068,171.6,"$248,281.44 "
apartment,,-6.9775856,110.5424021,276.2,"$182,012.61 "
apartment,,-12.182745,-39.2167652,441.7,"$159,849.72 "
apartment,,-7.0062,112.0295,345.2,"$31,096.63 "
house,,,140.5177769,310.1,"$223,413.06 "
apartment,,49.508379,19.9809619,383.9,"$158,132.25 "
house,,15.8874377,-87.8537478,166.4,"$68,500.38 "
house,Oaxaca,19.3579802,-99.0806088,348.7,"$280,559.16 "
apartment,,51.361479,15.7613834,319.9,"$68,177.35 "
apartment,,-6.761747,111.486801,93.6,"$234,373.79 "
house,,45.1810363,19.9442694,350.2,"$202,625.71 "
house,,6.4990277,3.3880288,93.7,"$299,863.32 "
apartment,,23.0668254,113.2996685,110.4,"$104,461.50 "
apartment,,31.878735,117.26467,406.2,"$36,529.38 "
house,,60.7428382,22.5352853,465.1,"$219,433.96 "
apartment,,,114.1751471,97.4,"$59,983.32 "
apartment,,-6.9621,112.9277,281.6,"$285,365.10 "
apartment,,33.5449468,131.4194175,178.4,"$62,448.10 "
house,,-28.4354702,-52.8312661,282.6,"$111,556.99 "
apartment,Alberta,53.3524256,-113.4153735,198.5,"$108,092.57 "
house,,-43.7567555,172.0223196,204.9,"$195,628.03 "
house,Veracruz Llave,,-99.5145127,386.6,"$61,735.98 "
apartment,,47.92681,106.9150401,298.4,"$187,510.78 "
house,,47.9644609,106.8254167,451.3,"$198,612.72 "
house,,13.32887,44.21708,397.3,"$61,080.37 "
apartment,,-33.9905526,18.666796,430.5,"$265,012.78 "
house,,13.783333,44.783333,237.9,"$33,403.32 "
apartment,Lisboa,38.7063132,,461.8,"$282,806.54 "
apartment,Washington,47.6120759,-122.1112721,249.5,"$32,557.32 "
house,Provence-Alpes-C?e d'Azur,48.8588363,2.3477753,128.6,"$294,378.74 "
apartment,Ohio,39.1822152,-84.4225186,377.2,"$194,293.75 "
house,,13.5936457,123.5205279,268.6,"$225,829.12 "
house,,12.2651512,-85.0778886,451,"$241,304.45 "
house,,2.449478,,168.8,"$181,666.12 "
house,,,-78.1507423,238.2,"$72,248.03 "
apartment,G?leborg,60.6430311,17.0082511,89.7,"$58,380.84 "
apartment,,14.49393,-90.7090795,131.7,"$219,873.14 "
house,?le-de-France,48.6939078,2.3491182,308.8,"$290,860.90 "
apartment,,42.0993861,27.9407145,462.1,"$239,385.54 "
house,,49.4390256,16.6408689,409.5,"$227,286.99 "
apartment,,-8.0820572,113.1158644,455.5,"$73,873.81 "
apartment,,-29.5137043,-51.99249,423.5,"$152,070.10 "
apartment,,-6.5445698,106.22868,220,"$89,323.65 "
apartment,,-33.2843846,-66.3381678,113.9,"$68,017.33 "
house,,39.616759,110.71836,95.8,"$146,612.19 "
apartment,,26.5363305,88.0803051,362.9,"$265,585.23 "
apartment,,54.11215,-9.151825,236.2,"$207,801.99 "
house,,-6.4610391,106.6989632,220.5,"$108,751.77 "
apartment,,49.7370109,17.427878,228.5,"$98,112.86 "
apartment,,20.7887571,97.0337141,401.6,"$94,306.54 "
house,,36.628305,101.765843,473.4,"$183,759.57 "
apartment,,21.6936233,-78.6313624,268,"$129,421.27 "
house,,-12.417342,-38.7158702,499.3,"$248,493.50 "
house,,59.1655805,35.3248919,475.8,"$157,284.86 "
house,,,35.28774,210.4,"$293,851.55 "
house,,32.165,108.8822222,80.4,"$259,538.49 "
apartment,Kalmar,57.7577156,16.6369759,97.8,"$32,315.23 "
apartment,District of Columbia,38.8827087,-77.0163235,134.2,"$270,063.23 "
house,,9.159579,118.1437875,121.2,"$24,968.07 "
house,,32.068424,34.824785,156.7,"$205,989.63 "
house,,-5.98978,-37.9466737,223.3,"$145,078.47 "
apartment,,30.049992,121.159547,246.7,"$299,889.09 "
house,,39.2604149,125.861953,411.2,"$219,641.81 "
house,Aveiro,40.4489303,-8.6745086,266.7,"$295,479.92 "
apartment,,52.1074714,21.249732,159.7,"$222,208.77 "
house,,-6.9918507,106.5878723,447.3,"$161,442.68 "
house,,31.8948117,117.3279441,93.8,"$74,864.98 "
apartment,,60.7905791,24.9298029,456.5,"$214,032.59 "
house,,8.0335995,2.4851463,414.8,"$278,599.80 "
house,,-7.3630592,108.7066398,470.4,"$285,976.05 "
house,,-8.073071,113.1173534,348,"$60,473.38 "
apartment,Cantabria,43.4590202,-3.8254599,260.5,"$245,048.89 "
house,Set?al,38.6134405,-9.0019336,446.1,"$167,526.68 "
house,,34.1777698,108.8682333,303.9,"$269,450.39 "
apartment,,-34.5926613,-58.5197163,187.1,"$74,062.85 "
apartment,,9.159579,118.1437875,95.3,"$166,337.65 "
house,,45.4942402,18.0674023,490.6,"$232,200.94 "
apartment,,28.074649,119.141473,87.7,"$219,833.67 "
house,,30.128901,104.627636,482.3,"$121,733.70 "
house,Washington,47.1139164,-122.7708828,144.5,"$212,014.58 "
apartment,,55.5792489,37.604585,269.1,"$74,088.82 "
apartment,V?mland,59.3192962,13.5389591,115.1,"$178,397.53 "
house,,39.704676,122.955872,150.7,"$120,782.43 "
apartment,,16.8047297,99.1013498,211.9,"$31,794.53 "
house,,28.880567,108.39453,455.1,"$78,614.10 "
house,,37.9253691,23.7006539,370.9,"$189,422.43 "
house,,35.1742194,33.205422,442.3,"$99,949.01 "
house,England,54.9418362,-2.0871107,445.9,"$196,759.24 "
apartment,,42.9203458,21.7421911,338.1,"$161,561.39 "
house,,-7.9454654,,261.5,"$85,167.24 "
house,Kuala Lumpur,3.139199,101.7324927,395,"$183,371.25 "
house,Texas,29.385634,-98.5254159,435.2,"$49,304.33 "
house,Ontario,46.215926,-63.0886099,243.9,"$204,763.39 "
apartment,,8.2321816,124.602106,370.8,"$70,980.48 "
apartment,,-54.8079502,-68.3214955,430.3,"$128,839.52 "
apartment,,33.4049794,49.6962428,312.7,"$101,004.12 "
apartment,,-7.9481229,110.3130087,365,"$52,421.09 "
apartment,,36.837625,112.864561,479.6,"$253,915.66 "
apartment,,17.5767798,104.5946633,479,"$173,368.66 "
house,,11.229568,123.6962232,263.9,"$95,712.28 "
house,,15.01667,48.01667,158.4,"$158,681.59 "
apartment,,52.9029991,,226.8,"$120,964.38 "
apartment,,,104.668879,122.9,"$110,242.07 "
house,,-7.7823871,110.374855,193.3,"$275,604.66 "
house,,37.189822,112.176206,168.9,"$32,219.90 "
apartment,Arizona,33.3107008,-111.8749872,260.9,"$259,508.48 "
apartment,,35.70178,65.23055,323.7,"$69,828.60 "
apartment,,32.809026,110.112629,177,"$188,121.74 "
house,,15.8,43.333333,101.7,"$240,087.32 "
house,,29.1416432,119.7889248,479.7,"$75,538.78 "
house,,50.9129256,16.432166,291.5,"$168,061.31 "
house,V?tra G?aland,57.9675068,12.577321,451.3,"$291,884.01 "
house,,42.5246357,87.5395855,205.1,"$203,425.98 "
house,Florida,27.8436202,-82.7036033,293.3,"$150,005.05 "
apartment,,-6.1126806,106.8806295,145.4,"$180,121.28 "
apartment,,49.7370109,17.427878,319.9,"$246,709.39 "
apartment,,-24.8096387,-56.5196111,111.5,"$22,463.31 "
apartment,,33.580873,,346.8,"$228,078.95 "
house,,-7.0408631,113.9250575,120,"$120,739.13 "
house,,34.703309,119.483305,208.7,"$197,796.69 "
house,,22.44668,114.033953,386.1,"$228,495.35 "
house,Washington,47.6508882,-122.3084023,379.1,"$233,830.79 "
apartment,,51.1981241,18.191303,333.5,"$179,614.26 "
apartment,,39.0392193,125.7625241,360.7,"$56,872.58 "
apartment,,38.021567,114.847075,292,"$105,690.89 "
house,,48.8902362,36.308001,487.8,"$197,805.88 "
house,,52.182599,20.5627943,436.5,"$24,623.99 "
house,,23.101153,113.228291,243.5,"$116,568.99 "
apartment,,-33.6167,-70.5667,337.2,"$198,109.31 "
apartment,,50.8177069,15.7230035,92.3,"$134,694.24 "
apartment,Sk?e,55.9128355,13.0879461,88.5,"$132,780.47 "
house,,-22.8109177,47.3302847,126,"$249,910.54 "
apartment,,14.5668553,120.9987005,363.4,"$32,671.77 "
apartment,,50.6227967,16.4623415,263.1,"$120,021.04 "
apartment,,52.8996249,28.6709271,361.7,"$158,975.08 "
house,,35.2868468,138.8850313,95.5,"$43,557.25 "
house,,48.6282422,38.3727153,371.9,"$50,247.77 "
apartment,,54.2796,28.7649,388.3,"$66,824.21 "
apartment,Chiapas,19.5037694,-99.1324282,425.9,"$179,153.44 "
house,,-6.9175575,111.5140386,312.9,"$91,300.82 "
house,,-6.9000441,112.9029014,153.8,"$78,916.81 "
apartment,,9.8411782,123.9121342,374.7,"$273,059.58 "
apartment,,13.9142931,-87.921223,456.7,"$213,905.82 "
house,,,109.410683,383.5,"$249,990.60 "
house,,19.727097,110.319788,467,"$249,513.03 "
apartment,,10.018056,125.663981,336.6,"$117,957.00 "
apartment,,0.9073068,123.2559847,105.9,"$117,543.79 "
apartment,,-30.2609293,-57.5929166,83.8,"$296,143.33 "
apartment,,55.874736,26.536179,292.5,"$74,742.02 "
apartment,,-8.2412718,112.0744643,150.1,"$299,793.77 "
apartment,,52.2552455,19.8684556,354.5,"$147,924.72 "
house,,35.797997,112.92392,454.3,"$279,070.45 "
house,,,118.136378,164.7,"$93,284.10 "
apartment,,-24.8763773,-54.9322782,189.2,"$38,582.79 "
apartment,,13.4354977,121.8184253,486.7,"$239,351.02 "
house,,15.187831,120.057435,419.7,"$74,129.18 "
apartment,,23.624141,116.289146,111.5,"$189,548.91 "
house,,-5.2755737,-79.1048501,208.6,"$193,445.24 "
house,,52.9376808,87.9774328,81.8,"$51,730.97 "
house,,12.3420676,,203.3,"$225,535.90 "
house,,-7.356466,108.207518,325,"$225,287.47 "
house,,55.889724,60.7444752,493.2,"$204,382.37 "
house,?sterg?land,58.7243769,,123.6,"$84,842.09 "
apartment,,-11.806679,-77.1657716,175.5,"$286,196.72 "
apartment,,,113.8589235,375.9,"$291,295.13 "
house,,24.134378,90.7860057,130.4,"$143,139.37 "
house,,26.0411298,68.9203839,316.1,"$59,281.33 "
apartment,,40.752984,-73.9145038,236.1,"$37,936.20 "
house,Pennsylvania,40.44,-79.98,423.1,"$117,861.11 "
house,,-35.229035,173.94869,274.5,"$52,041.87 "
apartment,,27.885191,119.359142,493.1,"$272,220.03 "
house,,17.1566617,104.1331684,375.5,"$70,985.22 "
house,,45.847435,123.1998901,429,"$101,914.51 "
house,Rh?e-Alpes,45.9018536,6.121072,278.7,"$231,899.27 "
apartment,,13.9619203,100.5461093,147.9,"$119,210.83 "
house,,5.3404492,37.4387894,135.4,"$241,082.08 "
apartment,Chihuahua,21.2811908,-89.6651628,183.2,"$167,929.38 "
house,,53.9208518,19.0295929,289.4,"$53,017.25 "
apartment,,9.914487,-84.179403,398.3,"$125,831.98 "
apartment,,44.441584,126.4510829,149.7,"$168,256.75 "
house,,32.959602,110.998005,485.8,"$34,973.02 "
house,,-20.6670494,-42.8618635,82.6,"$191,584.32 "
apartment,,35.7244483,71.2874209,475.5,"$81,394.51 "
house,,49.7030481,13.2772423,261.7,"$207,918.78 "
apartment,,35.621965,118.725698,254.1,"$232,299.49 "
apartment,Qu?ec,45.86678,-74.08251,83.1,"$52,814.53 "
house,,16.3763389,102.1287289,483.6,"$96,557.80 "
apartment,,52.5187305,15.2372386,328.6,"$256,800.62 "
apartment,,27.318852,115.444319,488.4,"$70,162.07 "
apartment,,7.1069627,39.2011716,275.9,"$58,650.64 "
house,,28.2645193,68.4722695,187.6,"$281,762.35 "
house,,31.922974,118.663681,142.6,"$274,914.81 "
house,,14.5925105,121.0404991,486.2,"$229,801.44 "
house,,31.3694559,-5.7905653,111,"$222,765.34 "
apartment,,-31.48342,19.7582,82.1,"$210,796.98 "
apartment,,49.4390256,16.6408689,141.9,"$101,532.09 "
house,Florida,41.7396715,-85.9262162,184,"$116,608.99 "
apartment,Pulau Pinang,5.3523231,100.3573891,383,"$125,671.33 "
house,,-8.0934,112.463,109.5,"$267,535.79 "
apartment,,-8.1101209,112.3963638,150.2,"$151,921.32 "
house,,30.145729,120.589457,270.9,"$152,715.40 "
apartment,?le-de-France,48.989038,2.513543,398.1,"$239,967.84 "
apartment,,51.1691046,18.3941226,302.5,"$182,698.93 "
house,,,20.31619,453,"$243,508.40 "
apartment,,-15.3875259,28.3228165,213.3,"$75,405.89 "
house,,32.647371,35.421551,390.1,"$117,413.27 "
house,,-7.0727,108.0258,441.8,"$63,862.60 "
apartment,,5.2858205,-3.3036439,118.9,"$195,006.83 "
apartment,,52.804249,6.186692,438.9,"$164,653.48 "
apartment,,66.0733463,33.0544476,90.7,"$72,354.48 "
house,,8.3373304,99.923859,420.4,"$146,281.83 "
house,,34.527114,108.842622,418.8,"$83,394.82 "
house,Sor-Trondelag,63.4400274,10.4024274,168.7,"$56,012.00 "
apartment,Nord-Pas-de-Calais,44.1675867,2.0308233,286.3,"$255,207.48 "
house,,30.63963,114.385538,366.3,"$148,540.90 "
apartment,Leiria,39.7553682,-8.7451818,348,"$137,827.70 "
apartment,,-21.2397333,-48.1002024,321.3,"$57,069.70 "
house,,42.4466457,19.8827002,340,"$221,391.30 "
house,,19.0748796,105.1726816,470.2,"$141,638.92 "
apartment,,34.915946,,281.6,"$260,431.98 "
apartment,,-11.6604039,43.2726992,266.9,"$28,434.79 "
apartment,,49.8753,36.2827926,372.2,"$233,653.63 "
apartment,Lorraine,49.116169,6.1807997,369,"$204,146.14 "
apartment,,-14.0393995,-75.7051647,449.8,"$266,626.39 "
apartment,,-9.6670621,124.3754414,186.1,"$132,203.35 "
house,,45.9045993,19.0656051,136.7,"$263,567.48 "
apartment,,-31.646394,-63.760259,135.9,"$290,761.55 "
house,,31.746017,120.803452,109.5,"$188,419.81 "
house,,25.904305,112.203287,468.6,"$254,285.24 "
house,,55.5772494,39.526478,345.5,"$184,096.72 "
apartment,,54.0045473,27.6885079,278.5,"$230,215.45 "
house,,16.004175,120.7806412,467,"$152,622.30 "
house,,49.8073734,21.4331923,461.1,"$243,489.58 "
apartment,,37.646108,120.477813,261.4,"$70,077.53 "
apartment,,39.825495,116.288478,428.7,"$200,637.60 "
house,Budapest,,19.0544773,129.8,"$263,891.50 "
apartment,,33.207933,35.570246,407.2,"$296,579.86 "
apartment,Stockholm,59.1575081,18.1350248,426.5,"$192,089.85 "
apartment,Ontario,44.57629,-80.9206653,414.2,"$146,884.68 "
house,,39.618462,113.536462,132.1,"$266,305.65 "
house,Set?al,38.4620145,-9.1700425,417.8,"$113,671.50 "
apartment,,-40.0642898,175.3488701,313.2,"$85,648.39 "
house,,12.532252,124.870243,95.1,"$214,896.02 "
apartment,,45.3652354,14.3926584,499.7,"$113,209.39 "
house,,37.1994932,126.8311887,101.8,"$250,568.76 "
house,Faro,37.1306168,-7.650062,194.8,"$232,315.81 "
house,,37.418091,106.066276,81.4,"$125,639.29 "
house,Mexico,19.3004022,-98.9341937,336.6,"$244,820.56 "
house,,31.811226,119.974061,383.9,"$227,888.43 "
apartment,,,20.4536838,179.6,"$104,585.69 "
house,British Columbia,54.2331,-125.7533,169.3,"$81,983.66 "
house,,50.6398985,15.8196702,297.9,"$201,145.94 "
house,,48.015883,37.80285,314.1,"$113,820.84 "
house,,-16.820257,-49.2473044,216.7,"$219,886.03 "
house,,-8.6470988,115.2229232,112.7,"$259,458.26 "
house,,40.0792114,124.3337947,388,"$45,212.03 "
apartment,,48.9893868,16.9151793,391.5,"$291,219.15 "
house,,-3.4206623,104.9856176,207.9,"$93,482.11 "
house,,32.313822,105.255491,381.9,"$225,152.63 "
house,,,36.8953954,473.3,"$285,212.15 "
house,,57.9788789,33.243615,372.7,"$293,697.48 "
house,,38.6218706,20.9089378,434.4,"$289,189.03 "
apartment,Faro,37.1073284,-8.7960152,371.5,"$298,419.23 "
apartment,,,-73.287406,142.3,"$138,709.76 "
house,,43.1617132,16.6926372,254,"$89,882.41 "
apartment,,55.61667,23.18333,397.3,"$145,932.32 "
apartment,,,9.5572045,105.6,"$224,328.28 "
house,,-8.496803,115.148803,282.5,"$202,035.08 "
apartment,British Columbia,49.47512,-123.75903,348.8,"$151,678.35 "
apartment,,63.0741927,25.8645193,298.9,"$44,723.40 "
house,,33.1911812,68.089484,132.6,"$168,036.25 "
apartment,,37.309045,117.157183,330.6,"$147,761.82 "
house,,45.1141124,41.0051614,259.3,"$91,220.65 "
house,,44.7381571,17.8240149,455.8,"$129,126.05 "
apartment,,43.7755615,23.7246154,411.6,"$236,616.80 "
apartment,,-7.6559369,109.5895384,206.8,"$229,910.17 "
house,Alabama,33.3639393,,219.6,"$78,645.72 "
house,,13.8135951,,387.6,"$121,731.89 "
apartment,,22.826877,107.840624,447.7,"$184,107.97 "
apartment,,51.898029,21.6132509,348.3,"$173,989.70 "
apartment,,34.749864,,84.2,"$231,045.31 "
apartment,,44.1580429,133.2645474,448.6,"$219,080.79 "
house,,52.2542902,19.034146,289.9,"$193,613.32 "
apartment,,13.9142931,-87.921223,104.8,"$27,215.95 "
house,,16.15523,43.42102,473.9,"$47,114.81 "
apartment,,21.912701,111.902604,220.3,"$123,723.45 "
house,,52.1350237,,174.3,"$110,886.81 "
apartment,,13.717481,5.3520876,430.6,"$139,980.96 "
house,,10.8325561,5.8274722,434.1,"$268,197.02 "
apartment,,11.3421375,-73.0405277,224.6,"$245,355.44 "
house,,8.1113884,123.8961588,242,"$288,780.29 "
apartment,,61.609528,90.129524,233,"$115,280.40 "
house,,21.820325,112.052296,333.2,"$86,405.49 "
apartment,,-31.1846901,24.9491323,130.9,"$214,476.63 "
house,,27.229632,115.135507,408.5,"$58,446.58 "
apartment,,35.5262299,140.3233207,393.7,"$128,860.09 "
apartment,,23.073914,114.41958,131.6,"$287,791.93 "
apartment,,12.5049537,107.6925674,185.6,"$122,235.25 "
house,,7.1402468,40.7107871,161.6,"$73,429.26 "
apartment,,41.7730238,123.3561121,358.8,"$271,555.14 "
apartment,Rh?e-Alpes,45.632343,5.112589,423.5,"$299,666.43 "
apartment,,-26.183307,27.6830843,326.6,"$61,510.78 "
apartment,,50.0436913,19.0921373,454.9,"$109,272.05 "
apartment,,31.260385,121.59158,208.7,"$150,592.86 "
apartment,,11.9891869,106.7942405,185.9,"$138,537.22 "
apartment,,39.1251493,23.6799766,277.3,"$172,003.38 "
house,,35.218292,106.653158,191.8,"$38,462.58 "
apartment,,,-7.1111732,440.4,"$95,174.36 "
house,,30.6543991,117.5002172,294.3,"$88,339.64 "
house,,57.8721328,54.7288281,394.6,"$102,770.80 "
house,,14.5042512,,329.9,"$72,210.73 "
house,,5.5380625,46.3864672,111.1,"$211,749.88 "
apartment,,32.5639,120.396768,150,"$103,295.90 "
house,,58.629948,25.5572383,494.3,"$191,134.51 "
house,Alabama,33.708276,-85.7922905,158.6,"$57,399.33 "
house,Pays de la Loire,,-1.5401497,126.6,"$166,615.73 "
apartment,,48.9095,25.33926,223.9,"$39,081.82 "
apartment,,1.1016277,33.9303991,448.9,"$293,178.14 "
apartment,,-34.5906948,-58.4794982,445.3,"$63,973.36 "
house,,50.5982316,17.3802606,297.4,"$72,024.10 "
house,Porto,41.0394198,-8.5359207,497.2,"$100,802.97 "
apartment,Midi-Pyr??s,47.785421,-3.2602564,237.6,"$25,478.50 "
apartment,,,77.002783,87.7,"$204,399.96 "
house,Kronoberg,56.4477313,13.6156546,99.2,"$175,724.24 "
house,,55.8210459,38.0849522,114.9,"$205,887.80 "
apartment,,14.565668,121.0317737,167.1,"$53,287.85 "
house,,49.6166723,22.8581776,394.9,"$137,813.56 "
apartment,Manitoba,49.23062,,128.4,"$201,124.38 "
house,,54.3483636,17.8948288,364.1,"$160,046.70 "
house,,26.641774,118.17771,393,"$86,970.30 "
apartment,,56.9438063,51.0642669,391.1,"$282,971.54 "
apartment,,41.276688,80.238959,360.5,"$55,606.97 "
apartment,,-31.3221103,-64.2679738,187.7,"$94,325.60 "
house,Pays de la Loire,46.349041,3.556485,133.8,"$189,269.06 "
apartment,Porto,40.9860764,-8.530048,359.5,"$25,853.90 "
apartment,Coimbra,40.4387139,-8.7142851,446.1,"$232,678.06 "
house,,17.6102139,121.7177272,167.1,"$141,593.75 "
house,,41.2290466,24.8816753,162.1,"$261,996.52 "
apartment,,-20.9829904,-40.9990597,268.9,"$45,243.66 "
house,,14.5421715,-91.4130682,140,"$33,084.48 "
house,,-2.9252,119.9413,401.3,"$125,655.60 "
house,,46.64968,38.39782,378.4,"$61,378.97 "
house,,56.170028,34.5735627,194.2,"$255,382.76 "
house,,,130.39528,260.2,"$299,265.17 "
apartment,,9.891058,-84.081696,477.2,"$252,580.40 "
apartment,,-1.5697615,110.5215459,109.9,"$34,015.81 "
apartment,,-6.9757129,107.5801033,438.2,"$147,392.31 "
house,,32.240853,120.2326771,187.6,"$142,885.21 "
apartment,,35.237207,102.827734,477.8,"$174,857.93 "
house,,-8.1714502,114.2806558,297.5,"$213,106.82 "
apartment,,-26.58333,-59.8,442.6,"$230,821.42 "
house,,14.4050979,100.464947,104.7,"$155,044.67 "
apartment,,36.7310107,136.6975386,115.6,"$287,520.63 "
apartment,,38.6002411,,414.9,"$51,366.23 "
house,,,140.9969841,407.9,"$230,504.66 "
house,,9.9044207,105.1668326,201.2,"$268,813.64 "
apartment,V?tra G?aland,57.708657,12.0447568,249.8,"$83,388.70 "
apartment,,36.813546,118.055019,361.5,"$48,474.95 "
house,,32.4464635,62.1454133,306.5,"$140,255.69 "
house,Champagne-Ardenne,48.5202109,3.6973504,296.5,"$260,281.51 "
apartment,Ontario,46.150266,-67.6033952,300.4,"$37,702.25 "
apartment,,10.5925289,14.3210095,148.5,"$261,578.43 "
apartment,England,53.2945961,-0.9335791,399.5,"$106,527.12 "
apartment,,37.2425649,111.8568586,419.6,"$147,778.58 "
house,,,20.2153721,165.9,"$109,964.86 "
house,,53.3870149,-6.2057463,313.2,"$64,670.36 "
house,Provence-Alpes-C?e d'Azur,43.9307146,4.8743415,441.4,"$144,043.90 "
apartment,?vora,38.2170269,-7.5422129,163.7,"$229,188.68 "
house,,,-73.667793,336.4,"$90,262.81 "
house,,23.076233,113.86913,323.8,"$43,271.06 "
apartment,,-7.2929068,107.2666396,360.5,"$112,742.43 "
apartment,,-7.3170603,109.2891005,387.7,"$76,339.28 "
house,,-34.1998816,22.104272,232.9,"$77,484.22 "
apartment,Stockholm,59.322194,18.0694479,163.1,"$197,950.17 "
house,,-21.203385,-50.4439728,285.8,"$280,997.67 "
house,,15.1089475,,344.2,"$71,054.53 "
apartment,,,14.0545902,119.3,"$268,227.75 "
apartment,,54.8732209,69.1505479,146.1,"$195,109.87 "
apartment,Stockholm,59.3778462,18.0367294,477.6,"$105,008.42 "
apartment,,23.104725,,346.9,"$233,134.92 "
apartment,,23.175746,113.2539198,144.5,"$214,425.44 "
house,,,34.1098425,133.1,"$50,359.21 "
apartment,,-18.998706,-47.058302,169.4,"$189,606.47 "
apartment,,46.0473698,16.9785233,194.9,"$96,696.65 "
apartment,,35.4394848,139.3722959,470.8,"$265,134.12 "
house,,5.9691815,121.1252136,368.3,"$163,154.66 "
apartment,,37.646108,120.477813,302.7,"$292,878.99 "
house,Florida,42.4395419,-83.3155257,126.9,"$45,678.99 "
apartment,,52.1105349,17.3756471,304.4,"$177,853.86 "
apartment,,-25.5085286,-54.6753231,96.8,"$297,110.36 "
house,,50.7798051,15.8470487,251.6,"$224,510.92 "
apartment,,7.8941941,7.0659783,331.7,"$226,694.28 "
apartment,,3.6135482,98.5025286,295.6,"$291,078.13 "
house,,15.5042253,121.0290305,307.6,"$134,875.87 "
house,,13.9192331,121.4256292,376.3,"$74,114.90 "
apartment,,11.4218134,122.6653777,324.9,"$259,638.39 "
house,,-8.5764876,115.2164037,156.9,"$295,188.67 "
apartment,,22.251924,,318.9,"$215,358.45 "
house,,17.3798237,104.6821048,116.2,"$121,542.40 "
apartment,,25.60162,103.817356,390.3,"$275,623.73 "
house,Sk?e,55.8893778,12.8237518,258.1,"$179,074.93 "
house,G?leborg,61.3066824,17.0542559,217.7,"$59,417.62 "
apartment,,54.4762327,26.3981493,360.3,"$74,240.10 "
apartment,,-1.7232202,105.471249,154.9,"$64,313.14 "
apartment,Florida,30.4124334,-84.2831162,397.3,"$191,196.93 "
house,Florida,25.6387878,-80.3073826,329.5,"$101,341.18 "
apartment,,30.63166,114.040353,115.1,"$129,644.80 "
house,,28.214419,121.293705,191.9,"$197,693.10 "
house,,34.8148172,135.7683696,89.6,"$23,791.12 "
house,Uppsala,59.8621021,17.6271867,219.9,"$258,808.52 "
apartment,,44.829819,34.915084,336.7,"$31,650.32 "
house,?le-de-France,49.039076,2.074954,427.3,"$156,875.82 "
apartment,Viana do Castelo,42.048319,-8.4995497,282.7,"$103,401.07 "
house,,,-78.0552079,308.5,"$98,430.76 "
house,,32.993182,110.425983,343.7,"$31,875.65 "
apartment,,,17.3525487,428.7,"$271,516.86 "
apartment,,-6.59278,106.51306,117.5,"$181,029.97 "
house,Centre,45.70734,5.534063,194.4,"$119,585.54 "
house,,52.1155638,16.3514938,235.7,"$168,674.68 "
apartment,,34.016449,64.5266446,227.2,"$129,957.88 "
apartment,,-9.4355285,119.2627176,226.5,"$275,104.02 "
apartment,Troms,69.63186,18.9221,227.6,"$236,518.44 "
house,,50.2577508,58.432675,195.2,"$243,273.28 "
house,,-4.5204349,-69.9550338,240.6,"$252,491.59 "
apartment,,27.719827,106.929757,364.9,"$106,110.35 "
house,,-25.2855091,-57.1746259,89.1,"$115,374.65 "
apartment,,27.9593333,-82.7996813,220.1,"$254,749.19 "
house,Provincie Friesland,53.2012042,,82.2,"$222,094.20 "
apartment,,34.91914,71.09863,368.6,"$97,386.68 "
apartment,,55.868922,38.2017201,426.1,"$135,857.71 "
house,,30.619516,110.400306,342.3,"$117,314.03 "
apartment,,34.5057425,134.2087936,189,"$203,682.94 "
apartment,,-22.1678006,166.4574811,482.1,"$288,000.53 "
house,,8.5531389,123.7669004,469.4,"$222,828.41 "
house,Stockholm,,18.0576664,235.7,"$60,910.32 "
house,,51.0836752,28.4004787,258.7,"$51,978.05 "
house,Gyor-Moson-Sopron,46.3744902,17.7857168,93.7,"$149,544.40 "
house,,8.3331847,123.8426301,227.3,"$97,869.59 "
house,,36.730406,101.196484,227.4,"$37,933.57 "
apartment,,-13.6332,-72.232262,441.8,"$292,513.77 "
apartment,,35.8042947,69.2877535,223.7,"$102,464.00 "
house,,-34.5430068,-58.4754447,290.5,"$131,473.40 "
apartment,,34.746611,113.625328,357.8,"$205,638.02 "
apartment,,4.974252,-74.291386,326.7,"$131,434.52 "
house,Durango,32.463219,-116.827715,435.5,"$280,970.96 "
house,,39.978848,119.775799,262.7,"$55,125.82 "
house,,27.6644011,85.3187914,242,"$287,940.58 "
house,,38.062428,114.645657,499.8,"$243,072.90 "
house,,-3.9164982,119.7397084,364.9,"$74,619.32 "
apartment,Sonora,25.8007724,-100.4277766,259.3,"$99,708.33 "
apartment,,40.7031503,43.7750216,490.1,"$104,840.70 "
house,,48.8334498,24.5221952,286.4,"$169,671.77 "
apartment,,-15.4996879,-70.129653,87.5,"$183,218.40 "
house,,23.085029,113.294302,310.7,"$187,662.34 "
house,?le-de-France,48.6843964,2.2924369,205.1,"$187,151.75 "
house,,-23.3866812,-48.7218983,246.3,"$197,170.78 "
apartment,,45.0058742,39.06949,368.3,"$245,559.58 "
apartment,,-32.6626805,-58.1295074,294.7,"$299,166.54 "
house,,50.6227967,16.4623415,389.8,"$67,259.91 "
apartment,Lisboa,38.7121599,-9.4356652,209.1,"$240,870.74 "
house,,9.546414,122.521763,279.1,"$88,959.93 "
house,,3.6527376,,342,"$267,766.07 "
house,Porto,41.3088566,-8.6765618,389,"$231,780.55 "
house,Picardie,49.4263976,2.0887457,245.3,"$147,112.06 "
house,,-8.1135472,112.3367573,143.1,"$257,677.83 "
house,,53.3857827,14.4620917,246.5,"$222,553.35 "
house,British Columbia,,-123.75903,183.2,"$202,966.09 "
house,,-26.1447959,-49.2435998,190.8,"$250,070.21 "
house,,54.5107844,53.4440122,202.6,"$93,976.16 "
house,V?terbotten,,20.2147861,104.7,"$123,708.90 "
apartment,,38.4361809,57.4287899,440,"$67,195.28 "
apartment,,,114.827038,406.9,"$260,605.22 "
apartment,,13.869601,124.3090475,368.7,"$81,223.82 "
apartment,,12.6226118,9.3839598,297.7,"$170,594.60 "
apartment,,,5.169545,428,"$111,719.31 "
house,,-9.483333,-72.716667,125.8,"$122,293.94 "
apartment,,40.425649,-3.6721577,127.3,"$261,841.30 "
apartment,Ilha Terceira,38.659618,-27.241708,171.9,"$91,202.60 "
house,V?tra G?aland,58.276821,12.3176309,437.1,"$84,119.58 "
house,Provincie Zuid-Holland,51.7783026,4.693265,443.8,"$153,699.15 "
apartment,,28.074649,119.141473,278.6,"$144,165.19 "
house,,50.05998,21.8324138,99.6,"$45,605.34 "
apartment,,-0.4978509,117.1448579,337.4,"$241,048.27 "
apartment,,-7.3427222,112.7613933,353.6,"$281,618.86 "
house,,8.5052219,125.9753765,161.4,"$219,197.78 "
house,,53.3004898,-6.2634596,472.5,"$111,360.71 "
apartment,,5.1744472,7.7145152,273.4,"$65,957.92 "
house,,22.825834,115.003687,493.1,"$205,910.30 "
house,Rogaland,67.1335945,16.0707095,321.8,"$41,983.76 "
apartment,,15.2113128,120.0278872,257.6,"$257,137.82 "
house,,23.142017,113.242025,274.4,"$81,019.99 "
apartment,,52.2348348,,374.3,"$154,000.02 "
apartment,,25.7829542,,368.1,"$194,922.29 "
house,,-27.5948698,-48.5482195,405.3,"$177,749.72 "
apartment,,-17.0490108,-41.5612423,305.7,"$30,150.50 "
house,,54.9536614,73.3865836,354.2,"$291,009.55 "
apartment,,30.741991,121.341969,236.1,"$256,989.68 "
apartment,,14.6131569,,92.4,"$136,862.21 "
house,,,40.4794612,208.9,"$251,964.82 "
house,,26.263406,117.638678,232.6,"$63,548.97 "
apartment,,50.98709,14.5696066,378.2,"$217,258.94 "
house,,16.5245838,121.5194596,134.7,"$220,989.67 "
apartment,,-3.4383637,-39.1482174,133.5,"$237,738.90 "
house,R?nion,-21.0504707,55.2828404,202.5,"$98,444.94 "
house,,14.84712,-88.831192,307.9,"$147,560.38 "
apartment,,31.27707,119.567195,448.3,"$31,628.01 "
apartment,,32.5009216,-6.6905458,458.9,"$286,747.97 "
house,,14.5792342,120.9965883,389.6,"$254,048.58 "
house,,26.571674,117.669428,202.1,"$121,769.44 "
house,,-7.1557925,113.5579698,427.8,"$150,186.91 "
apartment,,57.9330635,45.1806143,94.9,"$215,740.78 "
apartment,?rebro,59.3138173,14.4937714,240.7,"$250,690.54 "
apartment,,40.9369019,44.777047,127.8,"$256,888.51 "
apartment,,14.5639944,121.0326387,233.3,"$245,960.89 "
apartment,,51.3106091,21.2523841,253,"$55,310.69 "
apartment,,14.7342524,121.0702642,291.3,"$214,176.29 "
house,Oaxaca,23.7321074,-103.9832684,431.8,"$186,037.06 "
house,,14.299475,-88.1706047,143.7,"$157,128.72 "
apartment,Texas,29.9305879,-95.5984925,208.4,"$181,450.07 "
house,,15.91448,48.63864,125.9,"$271,727.45 "
apartment,?le-de-France,43.4945737,5.8978018,100.2,"$135,830.38 "
house,,12.304106,124.834849,131.5,"$82,704.79 "
house,,8.1406054,-72.0705185,144.1,"$275,670.57 "
house,Texas,32.7274015,-97.2706807,246.2,"$58,833.39 "
house,,44.5140354,,311.2,"$220,807.19 "
apartment,Castelo Branco,40.0977466,-7.4631571,400.4,"$229,746.36 "
apartment,,43.3831419,17.592739,443.8,"$201,515.23 "
apartment,,5.7643446,20.670528,398.3,"$271,826.24 "
house,Braga,,-8.3509957,384.4,"$70,597.40 "
apartment,,53.3194376,18.212466,449.9,"$276,677.49 "
apartment,,34.477861,110.084789,391.8,"$148,708.70 "
house,,35.8115637,36.2020473,284.6,"$42,173.03 "
apartment,,-21.3601809,-48.2282659,255.5,"$29,291.68 "
house,,45.2767109,18.3876045,395.7,"$221,751.22 "
house,,-3.428803,29.924903,146.4,"$262,149.46 "
house,,35.202503,102.521807,207.2,"$198,081.00 "
house,,38.226652,115.510218,486.4,"$274,908.34 "
house,,-30.0722165,-51.0969571,210.5,"$245,002.82 "
house,,36.599744,101.803717,259.6,"$288,856.71 "
apartment,,-19.8078961,-43.9875878,371,"$171,355.54 "
house,,14.697103,122.365336,211.3,"$196,898.31 "
house,,39.76389,66.9125,296.1,"$83,021.57 "
apartment,,42.8299079,59.0072317,382.1,"$101,614.06 "
house,,1.699532,32.0733109,93.1,"$194,612.41 "
house,,28.976995,116.762907,339,"$82,736.99 "
apartment,,9.1249562,124.7445365,188.5,"$104,124.10 "
house,,28.653113,77.189308,402.6,"$254,650.29 "
apartment,,11.862577,8.9990801,134.2,"$251,412.60 "
apartment,,18.4395252,-73.0862735,109.8,"$247,246.29 "
house,,26.4755204,67.7240089,242.8,"$82,431.55 "
house,,31.4599979,-7.2858562,342.5,"$255,679.15 "
house,,-8.3899579,124.6687109,89.4,"$213,463.29 "
house,,53.1310185,-6.7449927,307.2,"$37,698.02 "
house,,-8.2394,112.2878,165.7,"$197,252.62 "
house,,8.1104639,-67.6095967,436.2,"$185,982.90 "
house,Gotland,57.6271949,18.2940431,273.2,"$178,069.07 "
house,,36.1560347,68.0477509,122.5,"$196,480.85 "
house,,8.874948,125.660068,109.1,"$295,918.61 "
apartment,,56.3588787,23.2565415,364.5,"$45,067.62 "
apartment,Ontario,45.4136084,-66.0783767,122.6,"$185,321.45 "
house,,26.5590737,31.6956705,417.7,"$162,748.80 "
apartment,,48.574041,39.307815,495.4,"$247,378.77 "
apartment,?sterg?land,58.3970814,15.69159,145.6,"$137,650.22 "
house,,52.3287247,21.1718237,350.8,"$72,523.61 "
apartment,,,114.108985,242.3,"$57,789.98 "
apartment,,31.574996,35.149421,226.8,"$228,440.75 "
house,,55.9835962,37.1465904,313.4,"$60,216.96 "
apartment,,51.8204945,68.3636926,161.7,"$85,956.67 "
apartment,,-22.314459,-49.0586951,229.6,"$131,199.40 "
apartment,,34.728584,112.132488,342.4,"$211,324.95 "
house,,31.126412,119.179656,378.9,"$236,797.73 "
apartment,,-7.1557925,113.5579698,441.3,"$54,679.62 "
house,,-6.9069547,,411.5,"$24,782.93 "
house,,23.150928,113.347193,113.1,"$202,789.85 "
house,,-7.15376,113.51969,213.2,"$128,227.97 "
apartment,,11.7367016,122.0389128,260.8,"$190,965.94 "
apartment,,54.6879925,25.2760017,95.3,"$134,139.79 "
house,,38.681707,112.337992,304.7,"$232,796.01 "
house,,39.344338,113.973592,288.4,"$198,003.40 "
apartment,,-5.8002425,-39.734338,437.6,"$231,612.45 "
apartment,Ohio,39.6720868,-84.0960056,223.9,"$58,477.22 "
house,,-24.7073654,-54.0688562,186.2,"$162,311.74 "
apartment,,27.6486636,84.4172666,123.9,"$202,520.51 "
house,Vila Real,41.343685,-7.3436907,249.6,"$57,135.06 "
apartment,,34.1470534,135.2088227,110.2,"$229,654.13 "
apartment,Bayern,48.1700928,11.5776824,141.5,"$252,362.68 "
apartment,,6.470326,12.6187506,101.5,"$289,361.36 "
apartment,,10.2007985,-64.6334643,328.6,"$218,818.16 "
house,,-8.5361861,115.1444487,421.4,"$286,776.86 "
house,,31.784791,119.320063,466.3,"$83,857.82 "
apartment,Texas,30.671701,-96.3438274,320.7,"$171,655.24 "
house,Stockholm,59.3729008,17.8567134,107,"$25,989.36 "
apartment,,-24.7762704,25.4141193,361,"$244,564.77 "
apartment,,30.917766,113.957037,270.1,"$292,605.44 "
house,Lisboa,38.7004199,-9.2419409,115.9,"$83,603.13 "
house,,-13.527778,-73.363333,466,"$38,438.74 "
house,,46.2433699,14.4192223,214.7,"$68,875.61 "
apartment,,10.6135398,-66.8498883,446.3,"$193,344.21 "
apartment,,30.5651672,31.1578769,320.9,"$180,838.86 "
apartment,Guanajuato,21.1231158,-101.6968667,344.9,"$100,750.80 "
house,,-6.97,,161.6,"$91,926.66 "
apartment,,,121.725015,178.2,"$262,910.96 "
house,,16.228139,120.4936309,440.8,"$296,334.84 "
house,,3.7144776,96.8324201,351.3,"$156,549.70 "
house,,56.2621893,34.3028279,253.1,"$187,989.31 "
apartment,,56.5514786,36.4347173,351.6,"$74,789.30 "
apartment,,,-81.1885293,294,"$152,133.53 "
apartment,,34.0035419,-117.7226392,335.3,"$208,577.92 "
house,,-7.5421424,109.7651203,188.4,"$288,168.70 "
apartment,,35.3772103,36.1328132,219.4,"$35,912.71 "
house,,49.7821352,23.6611306,189.5,"$147,779.75 "
house,,25.495241,103.805012,308,"$295,274.76 "
apartment,,42.1450502,24.7558475,443.7,"$197,289.11 "
apartment,,-8.5985,115.1455,242.9,"$44,849.07 "
apartment,,7.1774408,124.5350175,156.9,"$272,839.68 "
apartment,?le-de-France,,2.281825,237.6,"$127,796.48 "
house,,-20.3438619,57.7636821,463.8,"$39,617.71 "
house,,42.1090506,48.1941426,328.6,"$95,495.63 "
house,,30.999016,102.363193,389.5,"$166,895.40 "
house,Stockholm,59.4304876,18.0591041,149.4,"$51,277.83 "
apartment,,14.3770919,-87.1242072,277.6,"$250,520.18 "
house,,-41.330385,-72.6087019,318.6,"$291,878.56 "
house,,-8.6186415,115.1831787,292.7,"$31,880.45 "
house,,6.02806,121.89355,498,"$214,778.91 "
apartment,,-6.2736138,106.6717451,319.9,"$72,982.19 "
apartment,,-3.701499,-40.3496894,175.9,"$102,208.11 "
apartment,,,,312,"$264,443.30 "
apartment,,47.0302849,28.7847456,440.3,"$178,315.57 "
house,,6.926774,124.4974442,239.9,"$192,362.74 "
house,,26.641774,118.17771,476.6,"$34,835.09 "
apartment,,-34.6091049,-58.7005845,81,"$64,180.33 "
apartment,,32.5171226,130.6026459,233.3,"$49,797.33 "
house,,36.200252,117.087614,472.1,"$228,157.68 "
apartment,,14.3283582,120.9772289,338.5,"$32,915.75 "
house,,,-84.2725621,480.8,"$45,060.90 "
apartment,,-6.9014042,106.8370122,103,"$193,006.39 "
house,,4.4979714,-73.9118159,223.7,"$126,107.14 "
house,,49.6870858,15.9920641,297.4,"$137,781.43 "
house,,31.6891751,-4.9574947,179.5,"$120,481.33 "
apartment,,40.9109489,49.0729264,382.6,"$204,708.70 "
apartment,,53.2085624,36.7528817,247.3,"$205,959.41 "
house,,12.0683397,99.8459774,324.9,"$205,953.68 "
house,,-33.5072907,-57.7992243,280.8,"$296,487.01 "
house,,61.7575929,31.0233095,292.6,"$202,341.75 "
house,,11.3421375,-73.0405277,177.5,"$111,265.51 "
apartment,,48.8334498,24.5221952,152.8,"$225,834.02 "
house,,37.146294,111.778818,175.5,"$225,248.60 "
house,,31.23285,121.467218,435.1,"$23,354.37 "
apartment,,,37.4919828,272,"$31,451.49 "
house,,,13.5668302,447.9,"$101,295.58 "
house,,38.570152,114.112961,405.7,"$29,652.96 "
apartment,?le-de-France,49.03201,2.080691,137.8,"$234,160.64 "
house,,-27.0960682,-48.6178074,271.3,"$112,427.20 "
apartment,,-7.0148687,108.3534306,336.5,"$245,076.72 "
apartment,Provence-Alpes-C?e d'Azur,47.5113895,1.820875,473.9,"$253,577.18 "
apartment,,10.2600338,123.958258,81.1,"$282,857.77 "
apartment,,-23.2251621,-45.8861749,273.1,"$107,589.01 "
house,,3.5951956,98.6722227,165.9,"$49,063.90 "
apartment,,51.9922595,,491.9,"$259,034.06 "
apartment,,38.6226736,23.2352639,459.2,"$181,168.29 "
apartment,,29.899044,121.844618,102.8,"$37,437.50 "
house,,-19.0098182,47.1800893,397.2,"$225,106.78 "
house,,30.976156,94.69116,389.1,"$56,629.67 "
house,,51.1665287,26.7693629,95.1,"$297,263.63 "
house,,31.647135,120.93382,338.6,"$153,637.82 "
house,,45.8800176,15.8550922,492.7,"$101,953.57 "
apartment,,36.8603732,137.4284822,97.6,"$292,184.06 "
apartment,,54.4265348,18.4025756,114.3,"$95,974.19 "
apartment,,-7.3024274,112.7137227,132.1,"$54,001.08 "
apartment,,39.796583,112.453708,499.4,"$168,791.03 "
house,,41.1266172,23.3819761,369.6,"$75,536.64 "
apartment,,51.3307349,19.1136024,267.5,"$292,967.72 "
apartment,Nieder?terreich,48.6386409,15.0253027,283.8,"$28,622.77 "
apartment,Provincie Flevoland,52.5077777,5.4757709,364.5,"$292,850.79 "
house,,-18.7643566,-51.3429885,423,"$208,165.26 "
apartment,,25.3141558,49.6299077,162.8,"$271,088.03 "
house,,39.8554302,127.6752641,150.7,"$113,529.99 "
apartment,,20.5849821,-76.2247366,212.7,"$126,444.65 "
apartment,,-17.4474874,-66.3438275,281.8,"$122,966.17 "
apartment,Lorraine,49.059828,6.154795,462.9,"$158,974.91 "
house,,52.2820161,,355.1,"$193,890.97 "
apartment,Florida,28.0003221,-82.5889012,345.7,"$234,577.06 "
house,,-24.1973637,-65.2994788,80.3,"$161,124.92 "
apartment,Kanton Graub·den,46.8615704,9.5262115,164.6,"$235,560.96 "
apartment,,27.1783117,31.1859257,186.4,"$191,022.93 "
apartment,,-8.7482,116.3038,369.7,"$255,759.57 "
house,,-6.3077304,106.1831224,136.6,"$164,493.33 "
apartment,,-6.4237489,20.7956878,344.5,"$43,866.42 "
house,Viseu,40.5660046,-8.1351741,94.5,"$141,096.39 "
apartment,,-9.3928599,-77.575554,251.7,"$171,557.27 "
apartment,Midi-Pyr??s,43.6399974,1.4282563,476.2,"$35,018.23 "
apartment,,-7.0872117,110.9134113,125.2,"$111,913.73 "
house,,13.365,121.1893,347.5,"$266,438.96 "
house,V?terbotten,63.9043836,19.7606455,85.1,"$254,757.61 "
house,,0.465467,33.2391334,195.4,"$295,691.84 "
house,,-8.3647,123.5718,130.9,"$50,327.73 "
house,,,111.11122,204.2,"$141,240.13 "
house,,52.00577,33.2615,235.8,"$49,578.78 "
apartment,,55.4046005,,142.4,"$274,550.61 "
apartment,,-6.9895044,110.4329118,343.4,"$219,089.11 "
apartment,,-26.400429,31.1824925,282.1,"$289,612.35 "
house,,42.0733374,21.1202878,315.9,"$188,722.53 "
apartment,,26.5807374,106.7152864,368.5,"$273,959.30 "
apartment,,14.347522,120.9245309,82.2,"$73,111.11 "
house,District of Columbia,42.5420213,-91.1118075,376,"$122,081.09 "
house,,29.538782,110.941004,111.7,"$198,024.26 "
house,,14.84712,-88.831192,180,"$112,201.21 "
apartment,,0.4818193,31.0550093,112.8,"$95,072.25 "
apartment,,31.385597,120.980736,175.4,"$207,097.81 "
apartment,,35.119385,,256.5,"$188,652.78 "
apartment,Nord-Pas-de-Calais,44.1675867,2.0308233,299.5,"$205,302.15 "
apartment,Veracruz Llave,19.3387759,-99.1497466,142.3,"$49,858.81 "
house,,49.7180346,35.1228303,300.7,"$176,558.38 "
house,,29.956538,106.375509,97.6,"$42,381.25 "
apartment,,54.4132559,100.4819389,499.6,"$94,992.29 "
house,Porto,41.2166819,-8.0597042,496,"$47,020.72 "
house,,-32.0355634,-52.0918239,106.8,"$82,374.21 "
house,Kedah,6.1244023,100.3674801,263,"$107,816.60 "
house,,42.5257603,21.1225078,370.1,"$299,768.22 "
apartment,Newfoundland and Labrador,47.61668,-57.61516,89.4,"$218,375.05 "
apartment,,52.5928523,21.458395,279.1,"$83,311.77 "
apartment,,51.3854177,20.4867499,283.5,"$264,763.43 "
apartment,,13.657259,123.5098357,342.6,"$84,083.61 "
apartment,,-6.3731,105.8312,329.4,"$138,404.81 "
apartment,,47.98257,,200.4,"$162,076.50 "
apartment,,42.0256471,24.1082622,385.8,"$182,748.16 "
house,,-6.1492453,106.8906727,261.9,"$265,771.63 "
house,V?tmanland,59.719721,16.4276415,367.2,"$140,675.61 "
apartment,,-23.6818396,-46.620967,484.3,"$82,265.01 "
house,,18.4762228,-77.8938895,270.9,"$218,485.33 "
apartment,,-10.6527113,123.2307067,375.5,"$204,556.40 "
apartment,,26.855047,100.22775,409.1,"$82,052.96 "
house,,17.686931,103.9608091,254.6,"$158,228.97 "
house,,23.131797,113.407143,374.7,"$182,548.47 "
apartment,,-16.1941783,-67.7288125,322,"$202,425.43 "
house,Viana do Castelo,41.6570939,-8.573081,341,"$30,120.36 "
apartment,,-7.406895,111.0370989,226.7,"$125,492.01 "
house,,34.0740905,70.2884528,177.3,"$168,599.42 "
house,Qu?ec,47.4376347,-70.5082419,344.3,"$259,598.90 "
house,,29.560254,106.454213,496.7,"$136,195.66 "
house,,-8.2464,115.5631,392,"$85,461.00 "
apartment,,4.1382779,97.286868,425.2,"$43,072.64 "
house,,23.776981,111.416025,168.8,"$25,175.38 "
house,,26.66061,119.526299,430.9,"$30,737.53 "
apartment,,51.7888924,,117.3,"$249,943.80 "
apartment,,31.463475,120.649341,151.7,"$78,952.58 "
house,,56.495472,93.2782749,344.4,"$144,329.52 "
house,,-7.3522365,108.0450467,325.9,"$256,101.28 "
house,,25.257168,116.421093,482.5,"$39,409.88 "
house,,-2.389643,112.907402,410.8,"$168,461.96 "
apartment,,37.535809,121.386029,325.1,"$227,703.12 "
apartment,,-16.1001798,167.4164063,179,"$279,025.31 "
apartment,,-27.3482312,,400.6,"$112,160.25 "
apartment,Texas,32.7030883,-96.8029489,452.1,"$185,449.83 "
house,Florida,30.2102306,-81.7458845,404.6,"$292,175.86 "
apartment,,54.305019,23.747034,128.4,"$71,308.25 "
apartment,Qu?ec,45.4235609,-73.9319061,178.2,"$298,596.28 "
apartment,,52.9779583,49.4270742,153.5,"$66,843.89 "
apartment,,48.043204,38.1393965,180.5,"$260,515.39 "
house,,51.626324,39.4129061,299.7,"$62,158.01 "
apartment,,7.8286837,-72.3022522,114.4,"$213,620.64 "
house,,52.6396679,-9.4904891,448.5,"$71,952.65 "
apartment,,34.540852,109.44096,354.5,"$235,341.21 "
house,,-7.1274078,113.5282081,440.8,"$87,738.52 "
apartment,,14.576059,121.122805,306.1,"$184,636.83 "
house,,50.4305778,18.1872242,128.3,"$96,365.40 "
house,,-6.8353111,107.9561464,484.6,"$145,188.30 "
apartment,,13.5369065,-87.485158,116.6,"$58,979.74 "
house,,53.944,,306.3,"$211,291.21 "
house,,-22.6031668,-48.8041532,364.4,"$216,147.86 "
apartment,,49.4922202,18.3370739,240.8,"$258,864.87 "
apartment,,29.841047,112.673519,413.1,"$282,881.29 "
apartment,,,-42.941698,140,"$90,269.35 "
house,,-22.0028763,27.8428651,149.5,"$271,636.53 "
house,,-6.7387737,106.8768415,134.8,"$201,777.87 "
house,,40.842356,111.749995,157.4,"$155,420.63 "
house,?le-de-France,,,347.2,"$249,685.80 "
house,Alberta,50.78342,-112.46854,318.1,"$168,175.18 "
house,Comunidad Valenciana,39.9658255,-0.0419877,335,"$280,967.13 "
apartment,,-23.4739979,-53.088539,97.2,"$296,366.45 "
apartment,,51.5076941,18.1208003,263.5,"$57,572.65 "
house,,34.728584,112.132488,449.7,"$263,639.80 "
apartment,Rh?e-Alpes,45.7397125,4.8372255,309.8,"$64,375.92 "
house,,25.953512,115.685583,220.4,"$231,448.98 "
house,,29.448128,116.04506,321.5,"$124,747.15 "
house,V?terbotten,63.827461,20.2599325,453.4,"$144,395.27 "
house,,27.096969,119.632262,126.6,"$120,058.36 "
house,,13.869601,124.3090475,339.7,"$108,577.47 "
house,,24.44218,114.938684,382.6,"$135,155.80 "
apartment,Champagne-Ardenne,48.9782015,4.3827303,135,"$83,461.87 "
apartment,,52.735825,20.7121262,374.2,"$259,434.96 "
apartment,,51.1173534,17.0225772,389.2,"$216,543.87 "
apartment,,40.7069884,22.5450139,219.3,"$126,837.94 "
apartment,,-25.6221943,-54.5655489,496.6,"$70,057.61 "
house,Santar?,,-8.6542956,134.5,"$78,635.95 "
apartment,Haute-Normandie,47.8225694,0.3908219,314.5,"$250,177.39 "
house,Ilha de S? Miguel,38.707638,-9.197834,186,"$241,104.33 "
house,,-23.8158392,-45.3664809,193.6,"$38,005.77 "
apartment,Blekinge,56.1747912,14.756367,290,"$247,204.56 "
apartment,,32.562824,104.559168,377.5,"$250,425.20 "
apartment,,-7.7072394,110.500097,227,"$160,261.90 "
house,Abruzzi,42.4353312,14.222154,433,"$220,125.50 "
house,,37.646108,120.477813,294.2,"$65,788.92 "
house,,60.9847449,76.4585878,456.6,"$208,005.66 "
apartment,,-6.6672821,108.4271062,192.7,"$168,287.14 "
house,,-28.051106,-56.0197578,378.5,"$108,340.97 "
